,ShannonRadii,AtomicVolum wmean,density,HeatFusion wmean,metalloid,VegardVolume,BulkModulus wstd,NfValenc wstd,energysStab,SpaceGroupNumber wstd,strainlatticemean,oxidation flexibility Std,Density wstd,avgIonicRadVol
"mp-300003924, NbO2, LiNb2O4, mp-25214, mp-758673",0.5299954710811147,6200.399410993186,5.089621942317269,5.073333333333333,0.0,1.064192912351852,28.33333333333333,0.0,0.28384010833333306,34.166666666666664,-0.0642006506002805,0.15713484026367722,1427.8570000000002,0.5320943099266652
"mp-300006944, TiO2, Li3Ti8O16, mp-25262, mp-531914",0.4422091657429311,6200.338441689601,3.5314848916100865,2.4316666666666658,0.0,1.2071668820637784,18.33333333333333,0.0,0.17869182333333278,28.33333333333333,-0.14551096106935782,0.03928371006591929,750.6903333333332,0.4848464661288364
"mp-300018782, FeO2, Li(FeO2)3, mp-25517, mp-762931",0.4719892109841548,6199.361949658057,4.157517139858353,2.375,0.0,2.062720019962468,28.33333333333333,0.0,0.13752982229166744,34.166666666666664,-0.19522286551773296,0.31426968052735443,1311.8570000000002,0.448387931456536
"mp-300018793, CrO2, Li3Cr5O10, mp-714929, mp-762282",0.4417487713241296,6199.41454507545,3.989574461114087,3.5733333333333333,0.0,1.0867546360024338,26.666666666666664,0.0,0.19124211833333504,34.166666666666664,-0.24030077224806445,0.3142696805273545,1189.5236666666667,0.4211307906208255
"mp-300019131, MnBO3, Li2Mn3(BO3)3, mp-510766, mp-849566",0.5882503293922842,3719.7401314132726,3.016087157962879,4.251333333333334,1.0,1.0028582567691178,26.398653164297773,0.0,0.2211043293333325,15.240589081644965,-0.05285000707812889,0.1808621328833405,621.3515624533989,0.5487975263357353
"mp-300019431, YMo3O8, LiYMo3O8, mp-25579, mp-19431",0.5132812858453062,4133.808144079476,5.168142676775903,3.4886111111111107,0.0,0.989167855511412,26.337405920425873,0.0,0.1106411443749984,21.55122379155253,-0.059333972886169185,0.15896559919804995,1133.6494302561525,0.5215186425055885
"mp-300019433, ScMo3O8, LiScMo3O8, mp-632694, mp-19433",0.482746244692837,4133.585813469367,5.131680720706706,3.5638888888888887,0.0,0.9929222681873708,26.058427939280342,0.0,0.14578880954860907,21.55122379155253,-0.0569316938117345,0.15896559919804995,1157.0849042992204,0.4917056498882057
"mp-300025417, TiO2, Li2Ti3O6, mvc-11600, mp-760539",0.6136810727707418,6200.338441689601,2.4458620885555566,2.4316666666666658,0.0,5.7053098900861805,18.33333333333333,0.0,0.15142285083333284,28.33333333333333,-0.5969097692002651,0.15713484026367722,750.6903333333332,0.6432111315910404
"mp-300025576, MoO2, Li(MoO2)2, mp-714969, mp-25576",0.5830626984968857,6199.982535611101,4.624620030734843,6.3199999999999985,0.0,1.1962885143356874,38.33333333333333,0.0,0.2346574591666641,34.166666666666664,-0.43376273741084265,0.15713484026367722,1712.8570000000002,0.5927556786136648
"mp-300025614, NiPO4, LiNi2(PO4)2, mp-540008, mp-767051",0.4981010781403742,4133.774670678664,3.7158041170355256,2.05,0.0,0.8480939851280417,13.730429394524586,0.0,0.10302384968749843,16.022168284698857,9.473903143468005e-15,0.06093725269022308,640.0964591500214,0.4770548791015342
"mp-300025637, VPO4, LiV2(PO4)2, mp-32453, mp-767232",0.5472349273401247,4133.93598255529,3.2913559769920533,2.273333333333333,0.0,0.844978433371163,12.161718933087025,0.0,0.02369942833333205,16.330498620225445,9.473903143468005e-15,0.06364688465216445,426.5247640521337,0.5084947879853533
"mp-300025929, Bi2(PO4)3, LiBi2(PO4)3, mp-26074, mp-504151",0.5882617315455945,4377.685789833083,4.383503469759232,1.5778823529411763,0.0,1.1051911855314098,1.489938058157872,0.7764309754205228,0.06946963224264824,3.60315125437966,-0.30515516713307633,0.053605305829860436,484.3581925779129,0.5796251087913163
"mp-300026725, SnPO4, LiSnPO4, mp-673078, mp-26725",0.6424456354100374,4134.664976279793,3.741435083389375,1.4761111111111107,0.0,0.9506076560456792,4.192144328869662,0.0,0.17310171173611175,9.636286872616342,-0.17825190005535654,0.05237828008789242,517.4792143774389,0.6139834217420114
"mp-300026795, Cu5P3O13, LiCu5P3O13, mp-26796, mp-26795",0.5505588508330961,3838.767543483677,4.03060387932769,2.0076190476190474,0.0,0.822683260420458,15.356500950449913,0.0,0.007494385178569374,23.616263276743478,-0.0004102932126883729,0.036983007778458254,945.536989591512,0.5190984172585644
"mp-300032123, Mo2PO8, LiMo2PO8, mp-32124, mp-32123",0.5687973579450748,4508.993733791135,3.636604350501436,2.8866666666666667,0.0,0.824425137344226,19.48185565403147,0.0,0.009652718068181798,17.871493118913072,-3.0329946433482746e-05,0.04048743376501121,844.4713488430243,0.5528837525475778
"mp-300504214, CoP2O7, LiCoP2O7, mp-31552, mp-504214",0.5402454579640622,4340.426808991407,3.049505481910459,1.8273333333333333,0.0,0.8815293743974555,8.017203724214294,0.0,0.08042490343750064,7.788880963698618,-0.07051145875508287,0.04031128874149275,364.93079533281684,0.5114817291413032
"mp-300540113, Cr2(PO4)3, LiCr2(PO4)3, mp-540345, mp-31667",0.5398980103326112,4376.7685144758925,2.920827520425749,1.9658823529411764,0.0,0.8058337770269447,8.453186555218794,0.0,0.05647812731617562,11.125511621617804,-2.3684757858670013e-15,0.026802652914930208,345.66873400040015,0.5043010471992105
"mp-300540123, FePO4, LiFePO4, mp-25001, mp-540123",0.5371198636692534,4133.821119596877,3.4465696496142355,1.8461111111111108,0.0,0.8455637375291347,12.945994184770004,0.0,0.0179328979166673,16.330498620225445,1.1842378929335006e-15,0.07856742013183861,560.6076268109606,0.4934288442729772
"mp-300540161, Mn(PO3)4, LiMn(PO3)4, mp-31998, mp-540161",0.5574591415812777,4377.086964502058,2.7647777870986734,1.7590196078431373,0.0,1.0042038797616315,2.915706713010369,0.0,0.05718478099264779,5.094493487924052,-0.16586036951148606,0.06033078122547645,204.24197919449776,0.5233123596556857
"mp-300540203, Co2P3O10, LiCo2P3O10, mp-540204, mp-540203",0.6595694480835483,4133.96901670467,2.5142481643412866,2.0048888888888894,0.0,1.0184446174622568,10.832461503380578,0.0,0.016503985666667553,10.674626659559932,-0.2241843070767876,0.05370242654930922,495.9783459969564,0.6337759997339987
"mp-300540292, CrPO5, LiCrPO5, mvc-3271, mp-540292",0.5325602882230214,4428.632994844645,3.103876184662804,1.935238095238095,0.0,1.4637689474906832,10.42433051407459,0.0,0.052513287678571,13.756383799461807,-0.30099153593531963,0.12907255755789304,432.3784320045328,0.4715651146403352
"mp-300540456, Cr(PO3)3, LiCr(PO3)3, mp-31669, mp-540456",0.591066570539334,4292.987430803293,2.6154345627446087,2.0153846153846158,0.0,0.9567469737848466,5.305771980123389,0.0,0.024012589807691498,7.011496148326782,-0.1321770764349246,0.07100591715976333,234.10383367061317,0.5585117099272197
"mp-300540471, Mn(PO3)3, LiMn(PO3)3, mp-540472, mp-540471",0.6009747985722115,4292.990501751799,2.5964745082205885,1.807948717948718,0.0,0.9550533024691316,3.89355407225962,0.0,0.018232422115383784,6.62739914754506,-0.1321426987545872,0.08199057077249122,242.4160331021003,0.5696065324616431
"mp-300558256, TiO2, Li3Ti4O8, mp-2657, mp-558256",0.3481149672370856,6200.338441689601,4.127214007263516,2.4316666666666658,0.0,0.9239213876967948,18.33333333333333,0.0,0.03673304916666531,28.33333333333333,1.0954200509634878e-14,0.07856742013183861,750.6903333333332,0.3979447891917767
"mp-300566471, FeMoClO4, LiFeMoClO4, mp-24968, mp-566471",0.7188524025645262,3311.1990696135413,3.222117964474944,1.9775,0.0,0.8457045885761174,14.56528363077417,0.0,0.0,12.383539107069778,-4.144832625267252e-14,0.14139190265868387,659.3337409230057,0.6906802350800287
"mp-300566770, V2(SO4)3, LiV2(SO4)3, mp-25724, mp-770367",0.5174982556377588,4376.775596699977,3.0402672564719246,0.9961372549019608,0.0,0.9940216149122324,8.571189548304949,0.0,0.060518016617646886,7.951602934937687,-0.15473043792809096,0.04564327321201702,293.1213390051372,0.4693677736937275
"mp-300578763, Ni(SO4)2, LiNi(SO4)2, mp-850515, mp-782632",0.4790574573383346,4509.17732448322,3.2659439068828724,0.6873333333333335,0.0,0.8025423986941124,7.405996131247398,0.0,0.1574837661742423,4.8675760499849945,-4.500103993147302e-14,0.017347991346845733,330.9917340319437,0.4162798305031733
"mp-300585261, Mo2P2O11, LiMo4(P2O11)2, mp-540142, mp-585261",0.5788731808569957,4546.702196364273,3.2858538350181004,2.543555555555556,0.0,0.8548729917746498,14.123406716651285,0.0,0.0,12.741998215292547,-0.02582732933526444,0.05896221849520712,596.8351998464601,0.5512994712815171
"mp-300673706, Mo3Se4, Li7(Mo3Se4)4, mp-21021, mp-673706",0.8326313888114182,11.095561469051237,6.52566258304488,9.94285714285714,0.0,0.8395184837861045,46.914285714285704,0.0,0.0645735321428571,45.07142857142857,-0.0006967962249030771,0.0,825.9999999999997,0.8484217562880169
"mp-300675779, Mo3S4, Li(Mo3S4)2, mp-2164, mp-675711",0.4765778722909414,11.083487517292264,5.038301448211096,8.523142857142856,0.0,0.8434630892637337,47.08571428571428,0.0,0.06656829857142732,29.07142857142857,-0.0003922125408498308,0.0,1642.8571428571427,0.8740811396335356
"mp-300690551, Mo3O8, LiMo3O8, mp-715479, mp-25584",0.537745909663268,6762.912726089937,4.300488906084297,5.1909090909090905,0.0,1.0300963474254494,31.36363636363636,0.0,0.2875624192207802,26.863636363636363,-0.9118784511437958,0.08097486753002242,1401.2985454545455,0.5460658893216296
"mp-300691164, MnO2, LiMn3O6, mp-25545, mp-763655",0.4585450696009236,6199.434506240733,4.117354324094925,2.225,0.0,1.2114745860840908,20.0,0.0,0.03193812083333292,32.166666666666664,-0.13909560143996558,0.2357022603955159,1244.5236666666667,0.4413129746806357
"mp-300705404, Fe3P4O15, LiFe3P4O15, mp-705395, mp-705381",0.5845387051443514,4227.744637568427,2.9332978341548404,1.8013636363636365,0.0,0.8031504459837847,10.488438691681637,0.0,0.08361094874053078,13.10123400352271,-4.973799150320702e-14,0.021171385880081814,448.57612803144235,0.5470621562685547
"mp-300705640, Co21O40, Li20Co21O40, mp-851287, mp-705640",0.4162748280157649,6097.695079786242,4.834275136979407,2.860655737704918,0.0,0.969665486709242,30.98360655737705,0.0,0.05365822303278645,29.459016393442624,-0.20387307330118887,0.015577937915817726,1531.49868852459,0.4184437873442784
"mp-300743603, Ti3Fe(PO4)6, Li3Ti3Fe(PO4)6, mp-775436, mp-743603",0.5682022077581566,3282.6963459050844,2.667782465919092,1.2704411764705883,0.0,1.1911599704720028,3.6637131598484975,0.0,0.03646201041360442,5.985723174388808,-0.3564193801180089,0.04697638056188742,148.9204771908629,0.549652330493749
"mp-300752433, La3Ti4O12, LiLa3Ti4O12, mp-754804, mp-752433",0.4452132608189523,3917.3597053484987,5.5011548625532924,1.3656140350877193,0.0,0.8496911239679267,10.038277005162747,0.0,0.02695727710526441,13.91288908207184,-2.079333155554271e-05,0.06578582873705217,452.03506122300627,0.4570984104613155
"mp-300753403, CuCO3, LiCu2(CO3)2, mp-760595, mp-753403",0.6491983543160668,3719.816435407693,2.9356529254467416,8.777333333333335,0.0,0.8569095697761112,11.951382997609755,0.0,0.10976024699999964,16.55240835111985,-0.027068881377394643,0.08717797887081348,756.9934079758127,0.6056544790536149
"mp-300755367, Ta2CuO6, LiTa2CuO6, mp-754223, mp-755367",0.4826275611428513,4133.374311110617,7.768092686047852,3.2614814814814816,0.0,1.347526808575108,18.414522806897853,1.4665918424609872,0.10474137277777727,17.634219757255718,-0.1555424289671675,0.10475656017578484,1563.5232269777684,0.4868006532304005
"mp-300755414, TiS2, Li(TiS2)2, mp-9027, mvc-16738",0.23353495242502845,11.99490145802475,3.1433386446648663,2.932,0.0,1.1812663624994115,15.766666666666666,0.0,0.022005891666666774,8.999999999999996,-0.19701691974143168,0.11785113019775792,97.83333333333336,0.8597701299829822
"mp-300755615, TiO2, Li5Ti12O24, mp-754672, mp-765985",0.6188278821759132,6200.338441689601,2.9559963142453225,2.4316666666666658,0.0,0.8697549364941017,18.33333333333333,0.0,0.032580068333333045,28.33333333333333,4.1448326252672506e-15,0.03928371006591929,750.6903333333332,0.5687955650011755
"mp-300757464, Nb(PO3)4, LiNb(PO3)4, mp-757155, mp-757464",0.5799662561737423,4377.200482708229,2.8800441500298564,2.094117647058824,0.0,0.9725791543820612,4.237835112846595,0.0,0.043925885834734224,5.354126134736337,-0.14197484798230184,0.049903823881854534,221.58427235743463,0.5517680749064172
"mp-300757663, Sn(PO3)4, LiSn(PO3)4, mp-757156, mp-757663",0.566582237316455,4377.376260203951,3.1680137377443653,1.6460784313725492,0.0,0.9740959810540684,1.4536276857137755,0.0,0.03142284558823505,3.730337403942311,-0.13907424629657447,0.053605305829860436,201.97933087866818,0.5358489483930383
"mp-300758997, CuCO3, LiCu3(CO3)3, mp-760536, mp-758450",0.6035524046779804,3719.816435407693,3.3176370673072832,8.777333333333335,0.0,0.9992225768569116,11.951382997609755,0.0,0.13777366016666634,16.55240835111985,-0.05389714552738548,0.11623730516108464,756.9934079758127,0.554342645113869
"mp-300759185, Sb(PO3)4, LiSb(PO3)4, mvc-1868, mp-759185",0.5958938666198974,4377.439488403592,2.9547852694727914,1.8939215686274509,1.0,0.9737670154263952,1.193343063113956,0.0,0.0340691015441168,4.110357693569844,-0.17257754042629378,0.053605305829860436,194.0066224030983,0.5701063976558769
"mp-300760014, SbF4, LiSbF4, mp-556425, mp-760014",0.6563754880102988,7443.662569275822,3.9454588661994654,2.081,1.0,0.8301944995609181,4.2,0.0,0.0,10.6,-0.07592841265797527,0.04000000000000002,669.0216,0.9006821711350211
"mp-300761467, FePO4, LiFePO4, mp-19109, mp-761467",0.6230532589043162,4133.821119596877,2.777902913087716,1.8461111111111108,0.0,0.9758149591890546,12.945994184770004,0.0,0.003841773194444898,16.330498620225445,-0.12284511763963835,0.10475656017578484,560.6076268109606,0.5917083847883904
"mp-300761511, VFe3(PO4)6, Li6VFe3(PO4)6, mp-775598, mp-761511",0.5764892566317396,3282.5823067630517,2.756817685826422,1.319485294117647,0.0,1.1896812000624863,5.782834639740987,0.0,0.06593274553921713,7.171798141422753,-0.35364367556073856,0.051816536788484205,255.03666708429142,0.5471283277475911
"mp-300761533, Cr3Ni(PO4)6, Li6Cr3Ni(PO4)6, mp-774406, mp-761533",0.5616954011411365,3282.5679178199184,2.8114303532962195,1.448529411764706,0.0,1.191490898193334,5.411025365097647,0.0,0.08577610448529427,7.181019532245497,-0.3482604142320156,0.05162120673991589,223.6944397555131,0.5307855413125728
"mp-300761576, MnV2(PO4)3, Li2MnV2(PO4)3, mp-775212, mp-761576",0.5570320846682706,3100.4293175587536,3.2184345225602566,1.5856944444444443,0.0,1.1510303627725331,6.914198019962928,0.0,0.005245353333332758,9.106229637444716,-0.3076486993242433,0.05283099619945583,243.08324925471825,0.5199524777284188
"mp-300761586, Mn3Fe3(TeO8)2, Li4Mn3Fe3(TeO8)2, mp-775968, mp-761586",0.23619584587074435,3100.1566484331347,4.839348870177737,1.23375,1.0,0.9638453609635383,8.244316223920574,0.0,0.06664191881510373,8.940413278105959,-0.11178909181638552,0.09616237794532102,394.9416111951445,0.4179681897101036
"mp-300761674, Co3SbO8, Li2Co3SbO8, mp-761540, mp-761674",0.3965217599631317,4133.354342705787,5.572425732757976,1.9486111111111108,1.0,0.9749771930412784,20.438253893672574,0.0,0.0572026103124994,17.876289558939842,-0.1055326481274772,0.05334128991575423,944.8922510152893,0.4089516802514117
"mp-300761763, FeCo3O8, Li2FeCo3O8, mp-761579, mp-761763",0.38453984309012507,4132.842841081502,4.9279364852403225,1.7825,0.0,0.9752530663054362,18.786487132123238,0.0,0.04620953765624946,17.089407230977113,-0.10226774020409776,0.05334128991575423,933.1505746353696,0.38013056426161335
"mp-300761797, Mn15O32, Li6Mn15O32, mp-777108, mp-761797",0.4593445306419265,6331.207445687711,3.978051448209877,2.135,0.0,0.9675046869367432,19.148936170212764,0.0,0.0954162305319155,30.54255319148937,-1.4246456533666132,0.05950810946185599,1191.5348085106382,0.4430942010098229
"mp-300761800, V3Cr(PO4)6, Li6V3Cr(PO4)6, mp-775008, mp-761800",0.5486584061139755,3282.61503204987,2.8280831940962523,1.4854411764705884,0.0,1.1928370203131655,5.418214666567796,0.0,0.022493674705881258,7.171798141422753,-0.34421361716647186,0.0478523068717624,194.3176809019109,0.5280427043851468
"mp-300761806, NbCo3O8, Li2NbCo3O8, mp-761589, mp-761806",0.4166420817325969,4133.015751304024,5.100027934144904,2.2322222222222217,0.0,0.9741966912730528,18.786487132123238,0.0,0.07425313958333213,17.089407230977113,-0.10724098086338724,0.03928371006591929,927.2227415372224,0.420471903531468
"mp-300762055, Cr3Co3(SbO8)2, Li4Cr3Co3(SbO8)2, mp-761807, mp-762055",0.4142129664045725,3100.050040679052,5.182526208060359,1.6114583333333332,1.0,0.9739972968350612,9.867877177995275,0.0,0.10197749848958272,8.177415067580952,-0.10994796001502928,0.06795272844021155,418.9571165985315,0.4187967431382643
"mp-300762388, NiO2, Li2(NiO2)3, mvc-6929, mp-762388",0.4535010327382115,6199.2226029034155,4.296969928940259,2.9866666666666664,0.0,1.0792558566608574,30.0,0.0,0.09112705027777768,33.5,-0.05890356532034127,0.07856742013183861,1484.1903333333332,0.4734082456639023
"mp-300762448, Fe3Sb(PO4)6, Li6Fe3Sb(PO4)6, mp-775128, mp-762448",0.5858955945534435,3282.702501801455,2.9423683408625347,1.3069117647058823,1.0,1.191841337869368,6.0765552923883845,0.0,0.06232726484477257,7.356774735953993,-0.35992459069543753,0.053605305829860436,253.1150786751076,0.5556112704953251
"mp-300762458, Cr3P6WO24, Li6Cr3P6WO24, mp-775219, mp-762458",0.5663591626836819,3282.604075540376,3.2292103597859287,1.7046323529411764,0.0,1.1922311408641666,5.651193339390322,0.17829934783797266,0.020667352628676028,7.171798141422753,-0.3509491059837089,0.053605305829860436,247.0799343999209,0.5347984573263684
"mp-300762462, Ti3Cr(PO4)6, Li6Ti3Cr(PO4)6, mp-774416, mp-762462",0.5523003306484842,3282.698666291145,2.7390590768447765,1.3233088235294121,0.0,1.1905436404417284,3.649074395601805,0.0,0.049287556066179405,5.985723174388808,-0.34822183203426843,0.04697638056188742,149.44512948141292,0.5333901987275863
"mp-300762542, Ti3Cr3(SbO8)2, Li4Ti3Cr3(SbO8)2, mp-770891, mp-762542",0.4465406711765522,3100.257554943917,4.603021566181151,1.5473958333333333,1.0,0.9670602865483192,7.9753036776037565,0.0,0.09952408135416846,8.177415067580952,-0.11301298009170442,0.0664048315934211,320.32755527076193,0.4551837707703959
"mp-300762664, V3P6WO24, Li6V3P6WO24, mp-775437, mp-762664",0.561543001218032,3282.642721733327,3.22458230831504,1.7156617647058825,0.0,1.1862786000473848,5.651193339390322,0.17829934783797266,0.0,7.171798141422753,-0.3478938444524561,0.0478523068717624,226.3278095081813,0.5435505885337958
"mp-300762666, Fe5P3O13, LiFe5P3O13, mp-763767, mp-762666",0.572135766217392,3838.7633707088867,3.642309165925951,2.024285714285714,0.0,0.8239204137208612,18.721265039420835,0.0,0.05443280873015688,24.061848165987023,-0.002463516541612402,0.046249610100614826,828.9787060825423,0.5311834134718431
"mp-300762903, MnF3, LiMnF3, mp-556560, mp-762903",0.5894542048469805,6977.129800806425,3.2606853549372325,1.709375,0.0,0.9765659803886264,15.0,0.0,0.0,21.5,-0.16157304315150492,0.18042195912175807,933.114,0.8731023518440572
"mp-300763102, Mn3Co3(SbO8)2, Li4Mn3Co3(SbO8)2, mp-863857, mp-763102",0.4401510580107145,3100.0537833975427,5.0756442503041805,1.358645833333333,1.0,0.9662409754807719,8.989577298182603,0.0,0.08017082989583191,7.735053631843803,-0.10921579101284233,0.08893228107545624,425.47750867972513,0.4438297467249539
"mp-300763122, Mn2Co(PO4)3, Li2Mn2Co(PO4)3, mp-761760, mp-763122",0.5306647673011538,3100.367078235236,3.394117535386365,1.3927777777777777,0.0,1.1595442012191663,5.540726737331283,0.0,0.06077343194444396,8.581625144659768,-0.2967995468172913,0.06087371272628402,300.8707988423091,0.5035533692773836
"mp-300763186, Mn3SbO8, Li2Mn3SbO8, mp-775510, mp-763186",0.4513452256953308,4133.455746354327,4.893060519449269,1.6744444444444444,1.0,0.9684542791294548,13.393613735242965,0.0,0.05442185607638805,20.56587578766293,-0.11245333294020377,0.11002069109551986,782.3728533022452,0.446167057920461
"mp-300763334, Mn5Cr(PO4)6, Li4Mn5Cr(PO4)6, mp-772327, mp-763334",0.5327496002182056,3100.3831471281073,3.3248029369244096,1.4032638888888886,0.0,1.1483758057467588,6.505384166069533,0.0,0.03822459548611157,11.296244117972995,-0.3000113716139801,0.06523599193780323,392.00796566180327,0.5021568962095402
"mp-300763437, WF6, LiWF6, mp-555003, mp-763437",0.6341613272284503,7973.250724171115,4.066060298107659,3.8457142857142856,0.0,0.8262332078225741,22.142857142857146,1.0,0.0,9.928571428571429,-1.7763568394002498e-14,0.0999791731748236,1374.2731428571428,0.9120769295236296
"mp-300763459, P4WO12, LiP4WO12, mvc-2220, mp-763459",0.5882700015070098,4377.1584552855575,3.4692998658856267,2.5315686274509805,0.0,0.9963154356430612,8.055745798440316,0.3882154877102614,0.02694873382353169,5.354126134736337,-0.18150609696819586,0.053605305829860436,466.4111310902081,0.5600750782959846
"mp-300763479, Mn3CrCo2(PO4)6, Li4Mn3CrCo2(PO4)6, mp-762512, mp-763479",0.5244036619401358,2480.2929972160127,3.419610427772835,1.1591666666666665,0.0,1.1581729098615057,4.123345160017772,0.0,0.04916616951388875,5.802154772151464,-0.2949205252065319,0.05829576162816081,218.50031714292209,0.4967204689525146
"mp-300763515, MnF4, LiMnF4, mp-561659, mp-763515",0.6926377803722971,7441.8646973780005,3.3402801604410643,1.3930000000000002,0.0,0.9162907759877598,12.0,0.0,0.0,15.700000000000005,-0.11287559444301702,0.1,746.3216,0.8663173292412608
"mp-300763519, Mn3Nb2Co3O16, Li4Mn3Nb2Co3O16, mp-851279, mp-763519",0.4349309341637995,3099.7998398462205,4.850204319077436,1.5713541666666666,0.0,0.9713601639471912,8.13300887330964,0.0,0.06610564218749992,7.298530995172932,-0.10948732221541076,0.0830434773826486,422.28251771862136,0.43002199978747696
"mp-300763526, P(WO4)2, LiP(WO4)2, mp-504791, mp-763526",0.5818037635368155,4509.015421896359,5.387137641630751,3.7854545454545456,0.0,0.8240329962036487,26.337534971842395,1.1999387801953532,1.4371363636911386e-05,17.871493118913072,-9.000207986294603e-14,0.04048743376501121,1612.0112671296204,0.5595199427932825
"mp-300763587, Ti3Mn3(SbO8)2, Li4Ti3Mn3(SbO8)2, mp-763292, mp-763587",0.4441905585612018,3100.2612976624077,4.610776455062592,1.2945833333333332,1.0,0.9731661796578459,6.447807282324744,0.0,0.08447255482638916,7.735053631843803,-0.1159490393848029,0.08837129578211399,333.0873958749312,0.466917515090565
"mp-300763600, Co2C2O7, LiCo2C2O7, mp-763662, mp-763600",0.6714897263312399,3945.000668673413,2.440328733602502,8.143636363636364,0.0,0.9426587666811224,14.226038285104401,0.0,0.09424068727272683,13.027906756406695,-0.14442533823358872,0.04739573149885745,686.4706359837753,0.6371771585822495
"mp-300763649, NbCr3(PO4)6, Li6NbCr3(PO4)6, mp-849254, mp-763649",0.5688533868305136,3282.619835823879,2.8823020144048797,1.5405882352941176,0.0,1.1920649763555629,5.413123231018009,0.0,0.03866799566176482,7.171798141422753,-0.3529810537639288,0.051816536788484205,224.19834930440518,0.5377614693448052
"mp-300764280, MnF4, LiMnF4, mp-765253, mp-764361",0.6980835350740238,7441.8646973780005,3.281098044920036,1.3930000000000002,0.0,0.8923730657072138,12.0,0.0,0.07886305774999869,15.700000000000005,-7.300758163294081e-05,0.4,746.3216,0.8686858800465797
"mp-300764313, KMnP3HO10, KLiMnP3HO10, mp-542842, mp-764313",0.5646250756068257,2558.909081753749,2.5445618200058058,0.9140625,0.0,0.942921883425973,2.88113042051206,0.0,0.0,5.172855835996206,-0.12109216023756868,0.06976785585738965,194.2614350070488,0.5445387548216637
"mp-300764358, FeF3, LiFeF3, mp-556197, mp-764358",0.5820817938766558,6977.075383369418,3.4130682574628235,1.821875,0.0,1.2818128059081164,21.25,0.0,0.0,23.0,-0.13468990387709864,0.4330127018922193,983.614,0.8725215781094506
"mp-300764438, CrNi5(PO4)6, Li4CrNi5(PO4)6, mp-772386, mp-764438",0.5304565437436545,3100.339000599499,3.457099111321632,1.5619444444444444,0.0,1.16201078980884,10.044144461474206,0.0,0.08829868811631769,11.76238019972841,-0.2946115200344603,0.04312022224582675,475.70299499568114,0.5058510422277898
"mp-300764810, MnF4, LiMnF4, mvc-2979, mp-764810",0.8835001008290178,7441.8646973780005,2.8704686810973565,1.3930000000000002,0.0,1.0808493939339932,12.0,0.0,0.3188046237499993,15.700000000000005,-0.09084785110242777,0.4,746.3216,0.8851198398975791
"mp-300764914, Ti4VO8, LiTi4VO8, mp-770251, mp-768022",0.3960458599775272,3815.9478845838826,4.262101773373893,2.047692307692308,0.0,1.2205537909707358,13.987878663575234,0.0,0.12882329846153873,22.63534789569125,-0.4404902955988099,0.04879414941559362,575.5413528859763,0.4501321447657057
"mp-300765157, VF3, LiV2F6, mp-765007, mp-559701",0.5525636922859235,6977.333825025849,3.267198597227244,2.783125,0.0,0.8538348546158187,20.0,0.0,0.0020287118749999773,23.0,-4.207153144382876e-09,0.16237976320958225,763.1139999999997,0.8838456430982516
"mp-300765322, MnCr3O8, Li2MnCr3O8, mp-764180, mp-775608",0.4011016716527008,4132.9463569111795,4.267823609300882,2.1575,0.0,0.9737475262554921,16.996731711975947,0.0,0.09107836979166528,21.242682109608392,-0.1060861435853185,0.09081039465709738,739.4105929836244,0.3910537983330128
"mp-300765461, Mn5Co(PO4)6, Li4Mn5Co(PO4)6, mp-772281, mp-765461",0.5279584656289018,3100.3755285392817,3.407917068286217,1.3699305555555554,0.0,1.1488392636003215,6.48221391364264,0.0,0.06280483409722137,11.407832737305787,-0.296670655540422,0.06429835387654216,386.71907828897696,0.4972172886593152
"mp-300765519, CoO2, Li(CoO2)2, mp-540000, mp-774082",0.4048445666822161,6199.231698943652,4.774135071762188,2.773333333333333,0.0,1.2165493462072776,30.0,0.0,0.06079112666666475,28.33333333333333,-0.34161907839633915,0.07856742013183861,1482.8570000000002,0.4100711707615088
"mp-300765541, VF4, LiVF4, mp-765239, mp-765176",0.7354069402376564,7442.027916753537,3.0454524156547014,2.252,0.0,0.8218914568244556,16.0,0.0,0.05577914725,16.900000000000002,-1.4210854715202004e-14,0.06000000000000001,610.3216,0.8867271297614605
"mp-300765710, Fe5Ni(PO4)6, Li4Fe5Ni(PO4)6, mp-770337, mp-765710",0.5419086550768984,3100.360033582881,3.408875006959154,1.4100694444444444,0.0,1.1694686784289996,9.409166137730132,0.0,0.0627162596701396,12.00817140765219,-0.2948417440264753,0.05087328929591646,409.97896621410285,0.5025717108305949
"mp-300765781, VF5, LiVF5, mp-765975, mp-765781",0.7034875407494963,7751.823977905332,2.614642313383325,1.8979166666666665,0.0,0.833362431100991,13.333333333333332,0.0,0.08219894958333374,12.833333333333332,-2.3977264618224568e-11,0.09316949906249124,508.45999999999987,0.8995744741786702
"mp-300765803, FeCoO4, Li2Fe3(CoO4)3, mp-771871, mp-763110",0.4670419119129863,4132.864549533903,4.2361546395887055,1.7161111111111111,0.0,5.860497442681417,13.766124103737633,0.0,0.11443455697916605,13.064654040011359,-1.762872391515825,0.2545875386086578,662.1860005411556,0.4575846436969033
"mp-300765898, TiMn3O8, Li2TiMn3O8, mp-773245, mp-771575",0.42859233881559256,4133.106993401967,4.3179378683404614,1.5177777777777777,0.0,0.9715996591968984,12.552359475216667,0.0,0.04233251999999865,20.155223260766874,-0.10695736802155408,0.1068519621765911,806.2369671131756,0.4037870069025124
"mp-300765997, TiMn3O8, Li2TiMn3O8, mp-774302, mp-775166",0.45018686852397705,4133.106993401967,3.9927020597767737,1.5177777777777777,0.0,0.8175135817954152,12.552359475216667,0.0,0.09019680041666513,20.155223260766874,-8.736122936170432e-11,0.05342598108829555,806.2369671131756,0.44869497473317577
"mp-300766055, TiFe3(PO4)6, Li6TiFe3(PO4)6, mp-775272, mp-761955",0.586376320836562,3282.6101848434773,2.671072201992409,1.2654411764705882,0.0,1.1859349641598989,5.86222659848982,0.0,0.07531067712622619,7.2642109559916275,-0.3590898483554679,0.05162120673991589,261.30375640862786,0.5582282604045908
"mp-300766115, CrO2, Li2Cr3O6, mvc-9788, mp-762466",0.4880336278559735,6199.41454507545,3.592456691304613,3.5733333333333333,0.0,0.8428734906289076,26.666666666666664,0.0,0.18260293041666745,34.166666666666664,-1.9475014028103037e-06,0.07856742013183861,1189.5236666666667,0.4787507828482267
"mp-300767053, Co(CO3)2, LiCo2(CO3)4, mp-762909, mp-763593",0.6107616397202354,4132.660334779634,2.424607397554418,9.345185185185183,0.0,0.9351283717609772,8.261169020196048,0.0,0.1217858158333307,14.457543917681425,-0.07559247101799826,0.09238660214256646,403.3379601594155,0.5724387895274189
"mp-300767132, Mn3Co2Te3O16, Li4Mn3Co2Te3O16, mp-774178, mp-767132",0.1396728285721804,3100.371401716261,5.114606955505558,1.3207291666666667,1.0,0.9635102254601386,6.1773116877408745,0.0,0.06965203628472239,6.83551635607484,-0.11719798818545495,0.09153768282266717,361.2207908894196,0.41991914404900105
"mp-300767440, MnFe2(PO4)3, Li2MnFe2(PO4)3, mp-849505, mp-767440",0.5508390927433429,3100.371886079547,3.315937104044869,1.372083333333333,0.0,1.1336235914642108,7.366441990037836,0.0,0.0387684068055556,9.106229637444716,-0.2982939654738992,0.057988562432271414,313.93636680315456,0.5106104697991107
"mp-300767622, VOF3, LiVOF3, mp-565784, mp-764237",0.8316299908544189,4960.724517779746,2.6865599492803978,1.499,0.0,0.8421469002517642,15.084944665313015,0.0,0.0,19.09438544587271,-6.474126164590643e-05,0.12649110640673514,575.7491875926762,0.8074352862588279
"mp-300767658, Mn2Co3Te3O16, Li4Mn2Co3Te3O16, mp-769913, mp-767658",0.10773564812551288,3100.3587262601936,5.3224184466577595,1.355,1.0,0.9712297900115012,8.057108177721085,0.0,0.06490335124999902,5.8798738648602535,-0.11436447109249195,0.08267972847076846,403.4411209665544,0.40217795441515136
"mp-300767775, MnCr3(PO4)6, Li6MnCr3(PO4)6, mp-774419, mp-767775",0.553479623260941,3282.5772664965643,2.8527927245246976,1.4149264705882354,0.0,1.1956738027026368,5.468275127677129,0.0,0.05503416915441228,7.2005082000578495,-0.34518572150512483,0.057093425605536326,226.3978395463068,0.5190994461547196
"mp-300768755, Sn2(SO4)3, Li2Sn2(SO4)3, mp-768936, mp-768755",0.6040139961318931,4377.290180505509,3.4270586828970853,0.43339215686274507,0.0,0.8026464791932763,2.9490104818381946,0.0,0.007362872352940642,3.3150594832012636,-0.00040770252826879033,0.026802652914930208,352.9433115991017,0.5527519469909182
"mp-300769499, LaVO4, LiLa8V8O32, mp-18989, mp-769499",0.5163609625795373,4134.453567238744,4.8938916354047315,1.5877777777777775,0.0,0.8635826419682642,11.627978179512114,0.0,0.03570079374999935,13.064654040011359,-0.023512068338542733,0.06093725269022308,481.01829600387254,0.5097194894534852
"mp-300769602, VSO4F3, LiV2S2(O4F3)2, mp-768093, mp-769600",0.6750822624750414,3617.072939221084,2.1592470614036863,0.6907222222222222,0.0,0.8155671956325637,7.582563554743763,0.0,0.06598557061110988,8.471812376243442,1.3026616822268508e-14,0.07407407407407407,276.93711814000545,0.7275469845573843
"mp-300770104, MnO2, LiMn4O8, mp-19395, mp-770104",0.4735221395303954,6199.434506240733,4.0034650598658,2.225,0.0,0.9220510161816712,20.0,0.0,0.0,32.166666666666664,-0.021550825817392944,0.2357022603955159,1244.5236666666667,0.4567666979309339
"mp-300770109, Ni2(SO4)3, LiNi2(SO4)3, mp-770220, mp-770176",0.5337152910151771,4376.6617294929465,3.1138796680668275,0.8384901960784314,0.0,0.9850104802330564,9.67831736355134,0.0,0.0469531104656884,7.734343488891105,-0.7542115481213779,0.044244677690465126,435.6473845140277,0.4798045537997328
"mp-300770123, TiMn3(PO4)6, Li8TiMn3(PO4)6, mp-774461, mp-770122",0.5541005396063077,3282.6197879205956,2.8500883105110337,1.2455882352941177,0.0,1.1968893037602355,4.006698543438611,0.0,0.05176669352941499,6.8468280926861205,-0.346483789531612,0.06190411994053579,247.5059335609181,0.5254346751606342
"mp-300770152, Ti2Mn3Cr3O16, Li4Ti2Mn3Cr3O16, mp-771540, mp-770152",0.4279673064001864,3099.826502332984,4.221646698230525,1.3911458333333333,0.0,0.9713319318445894,7.438987946398803,0.0,0.08287030156250097,8.423908806684302,-0.10803661589566003,0.09133990581920767,386.14845587628463,0.4020742771158891
"mp-300770168, Mn2(PO4)3, LiMn2(PO4)3, mp-31941, mp-31996",0.5302846433491124,4376.773211220666,3.0589774486472363,1.6486274509803922,0.0,1.2562703694395552,6.2480446768358675,0.0,0.04353958977941108,10.492083392621502,-0.3861006188519151,0.06619766944535982,362.67304162113646,0.49464799152939604
"mp-300770191, V2(SO4)3, Li2V2(SO4)3, mp-770389, mp-770191",0.5344543782143809,4376.775596699977,2.9334258929560955,0.9961372549019608,0.0,0.8058751452412031,8.571189548304949,0.0,0.0,7.951602934937687,-3.350420332518903e-05,0.02282163660600852,293.1213390051372,0.4880153022829704
"mp-300770206, Mn3V(PO4)6, Li8Mn3V(PO4)6, mp-775468, mp-770206",0.5440782587045994,3282.591909840171,2.9374396705862544,1.2996323529411766,0.0,1.1978385021852995,3.992504872346351,0.0,0.03984687599264891,6.758788972419722,-0.3403990342541334,0.06199471580335265,241.31580416431615,0.5141976262277673
"mp-300770383, Cr2(SO4)3, Li2Cr2(SO4)3, mp-19361, mp-770383",0.5424465011612599,4376.706892356953,2.9335261467731395,0.976529411764706,0.0,1.2752500837656484,8.571189548304949,0.0,0.0,7.951602934937687,-0.3976010508416188,0.053605305829860436,344.31840451274263,0.4771439934049279
"mp-300770410, Cr2(SO4)3, Li2Cr2(SO4)3, mp-770163, mp-770410",0.5149860088951778,4376.706892356953,3.1095844050320385,0.976529411764706,0.0,0.8072931475353164,8.571189548304949,0.0,0.010459061176470108,7.951602934937687,-6.735931563876345e-05,0.026802652914930208,344.31840451274263,0.44576431133098654
"mp-300770417, Mn2VNi3(PO4)6, Li4Mn2VNi3(PO4)6, mp-763171, mp-770417",0.5469621493257478,2480.295060484016,3.3458080613670447,1.2015555555555557,0.0,1.1569359249304474,5.2226477368013295,0.0,0.08332442765624838,6.122479325111662,-0.29976103285452993,0.052440760301068506,249.72930946304814,0.5155624689237318
"mp-300770495, Ti2Mn3Fe3O16, Li4Ti2Mn3Fe3O16, mp-770792, mp-770495",0.4533052356330552,3099.816640692223,4.186183710698279,1.1664583333333334,0.0,0.9674398002460493,7.824990015968073,0.0,0.12114327458333385,8.423908806684302,-0.10874889944911104,0.09133990581920767,407.88387104283606,0.4268773887214932
"mp-300770529, Mn15CrO32, Li8Mn15CrO32, mp-771190, mp-770529",0.4526690024509588,4132.955505778602,4.145970015802055,1.5395138888888888,0.0,0.9950459530578714,16.946721158521825,0.0,0.043397434635418015,28.986997870160533,-0.20103344944378654,0.05799104894145515,1066.8572995310533,0.4350705919080004
"mp-300770860, Mn2Fe3P6WO24, Li4Mn2Fe3P6WO24, mp-761447, mp-770860",0.5629666526020256,2480.320183138385,3.6911936227655247,1.3115555555555554,0.0,1.150333579996484,5.039669791259966,0.15555555555555553,0.005122189236111296,6.22809742464456,-0.30663680197796594,0.057988562432271414,224.0033237230308,0.5243793660310939
"mp-300770878, Cr3Co5O16, Li4Cr3Co5O16, mp-771924, mp-770878",0.3700501157196768,4132.866844162051,4.7742017060812385,2.0488888888888894,0.0,0.9746505080649036,15.32064692570853,0.0,0.09709849604166633,13.396825102967727,-0.10038260866917764,0.05882317481283825,756.7519449116112,0.37341299515733134
"mp-300770943, TiNi5(PO4)6, Li4TiNi5(PO4)6, mp-773434, mp-770943",0.5403291385551171,3100.3774962917546,3.407584415389492,1.514375,0.0,1.1595335848030472,10.177930918304456,0.0,0.08497161451388813,11.875274119643162,-0.2968252652549926,0.04062483512681539,485.7511953570876,0.5127291946943211
"mp-300771110, Mn5P6WO24, Li4Mn5P6WO24, mp-772335, mp-771110",0.563130254359459,3100.409298495816,3.5886774368013596,1.6206944444444444,0.0,1.1496132222736444,6.548607429008037,0.16839382851364082,0.04513469404166415,11.296244117972995,-0.3118501225710493,0.06523599193780323,378.7676531806924,0.5348833112886398
"mp-300771381, Mn3Cr(PO4)6, Li8Mn3Cr(PO4)6, mp-772450, mp-771381",0.5415506028433654,3282.579027775855,2.966641978843018,1.2959558823529411,0.0,1.2017982996522998,3.992504872346351,0.0,0.060564294301472366,6.758788972419722,-0.3399194467079845,0.06335582499515764,238.178370985307,0.5065955280717159
"mp-300771573, V2Sn(PO4)3, Li2V2Sn(PO4)3, mp-853198, mp-771573",0.5795531444834751,3100.634235347594,3.4708288524173225,1.5056944444444444,0.0,1.2195509641468152,7.061390303948038,0.0,0.0531903727083316,9.219826914499713,-0.3505588565804807,0.04619330107128323,242.51581319262127,0.5494152073061309
"mp-300771611, VO2, LiV2O4, mp-634430, mp-19394",0.4549051755600806,6199.706538533296,3.729880061126721,3.6566666666666654,0.0,1.2080157985994353,26.666666666666664,0.0,0.15783483000000054,34.166666666666664,-0.14244230261661292,0.07856742013183861,1017.857,0.4928344509966264
"mp-300771651, Mn13Fe3O32, Li8Mn13Fe3O32, mp-771188, mp-771651",0.471371504345515,4132.947267920988,4.046021932895966,1.5020833333333332,0.0,0.9926365127584622,13.530444067607933,0.0,0.07447435048177109,22.59318623043704,-0.20305940604611075,0.056034986435807316,861.1615029024517,0.4532968558835352
"mp-300771653, V3Ni(PO4)6, Li6V3Ni(PO4)6, mp-775463, mp-771653",0.5534634674903227,3282.606564012869,2.827167416070915,1.459558823529412,0.0,1.1901160708775984,5.411025365097647,0.0,0.039966105404411145,7.181019532245497,-0.3452836245437254,0.045322446011867586,191.72754518244145,0.5361220347423746
"mp-300771681, VOF3, LiVOF3, mp-764274, mp-771681",0.8333869802422637,4960.724517779746,2.6585249248443468,1.499,0.0,0.8462598808801549,15.084944665313015,0.0,0.01097188349999989,19.09438544587271,-5.805726270106485e-11,0.12649110640673514,575.7491875926762,0.8094447543359131
"mp-300771688, Mn3Nb2Cr3O16, Li4Mn3Nb2Cr3O16, mp-771853, mp-771688",0.4543688040284288,3099.834123495932,4.476249655630332,1.7213541666666663,0.0,0.9646428731090912,7.438987946398803,0.0,0.0606626388541649,8.185193695529346,-0.11115908576296007,0.09153768282266717,375.44664259711317,0.4428658851322425
"mp-300771807, Mn3NbO8, Li2Mn3NbO8, mp-771989, mp-771807",0.4623740551183696,4133.117154952564,4.529627665180306,1.9580555555555559,0.0,0.9682751519519008,12.253747222284876,0.0,0.0875430402604156,19.71631366892295,-0.11288981787076402,0.10668257983150843,769.0434849103539,0.4495554686605169
"mp-300772030, TiO2, Li3Ti4O8, mvc-11115, mp-761891",0.5340633746654659,6200.338441689601,3.5487991145039217,2.4316666666666658,0.0,1.220142003248058,18.33333333333333,0.0,0.181589499166666,28.33333333333333,-0.14423398388765918,0.03928371006591929,750.6903333333332,0.4823207628103306
"mp-300772283, Cr3SbO8, Li2Cr3SbO8, mp-773170, mp-772283",0.4446650371673813,4133.445765771685,4.748965334647784,2.3486111111111105,1.0,0.9706736546645384,18.08774907683836,0.0,0.1026214791666682,21.971186237692265,-0.11248304723724444,0.07856742013183861,745.2474588468112,0.4370639952653039
"mp-300772356, V3Cr3(WO8)2, Li4V3Cr3(WO8)2, mp-775969, mp-772356",0.479017887783585,3099.840475414198,5.359034979634398,2.4545833333333333,0.0,0.971094727596155,9.796098287923957,0.5051814855409225,0.09600671031249952,8.498927628432504,-0.11592518630043296,0.06795272844021155,568.7902584469174,0.4663707901992468
"mp-300772366, Fe(SO4)2, LiFe(SO4)2, mp-771582, mp-772366",0.5756146131552011,4509.202660256789,2.6554837811340497,0.5761212121212121,0.0,1.2562457806755638,6.978803010549524,0.0,0.05963972543560559,5.029390205603498,-0.4015074865886146,0.05398324502001495,291.80889151838767,0.5141451871106991
"mp-300772380, V(SO4)2, LiV(SO4)2, mp-771598, mp-772380",0.5540655534833753,4509.265312779561,2.6701360551599316,0.8091515151515152,0.0,1.257851209769543,6.551787060205584,0.0,0.012720870795454252,5.029390205603498,-0.3949388214307976,0.04739573149885745,229.3151369015253,0.5057532081084397
"mp-300772451, MnPO4, Li2Mn3(PO4)3, mp-773411, mp-772451",0.5366403531835237,4133.845305124435,3.3162776832812253,1.7961111111111108,0.0,1.1483734302070496,9.027051252817149,0.0,0.047251499305556166,15.406227697001354,-0.3011456161872322,0.06740842490074554,529.6943731224918,0.5064982995811563
"mp-300772578, Mn3SnO8, Li2Mn3SnO8, mp-771670, mp-772578",0.4550194876727624,4133.366173071502,4.929286365602931,1.3233333333333333,0.0,0.9694799329467678,13.151773104888525,0.0,0.04479250020833359,20.974521581088702,-0.11239877704250152,0.11002069109551986,777.2691508056737,0.4379315920686231
"mp-300772687, Cr3Ni(SO4)6, LiCr3Ni(SO4)6, mp-776858, mp-767547",0.5421711077882606,3282.521701230713,2.965657574540888,0.706514705882353,0.0,1.1200031619886832,5.507442864262341,0.0,0.006096572984068516,5.216713557980807,-0.27039125695254523,0.05162120673991589,224.4252969561699,0.4799148046950378
"mp-300773357, FePO4, Li2Fe3(PO4)3, mp-773675, mp-773357",0.5412767410122609,4133.821119596877,3.4087367403434246,1.8461111111111108,0.0,1.1681672732349762,12.945994184770004,0.0,0.04062296430555623,16.330498620225445,-0.29439250610679696,0.05237828008789242,560.6076268109606,0.4989894632426172
"mp-300773362, V2O5, LiV4O10, mp-25646, mp-776037",0.5465591733910452,6642.048259206354,3.2508706724194374,3.15,0.0,1.9589008175749945,22.857142857142854,0.0,0.030146620238095775,28.42857142857143,-0.9244816202907534,0.04302418585263101,872.3467857142857,0.5066597710909588
"mp-300773417, Cr3P4O15, LiCr3P4O15, mp-763487, mp-775294",0.5635719178688875,4227.7589817731705,2.8978444458445667,2.1281818181818184,0.0,0.8033515567020411,9.847692275800524,0.0,0.09139418434658886,13.10123400352271,1.6579330501069002e-14,0.021171385880081814,403.82698755357524,0.53369655182973
"mp-300773719, Fe23O32, LiFe23O32, mp-776135, mp-773719",0.5007845390668966,5411.101715654185,4.955893976955844,2.9515454545454545,0.0,0.8157122132065405,35.54545454545454,0.0,0.21817891054545768,44.39090909090908,-1.3404103748134352e-05,0.03587348090248076,1645.9661090909092,0.4553655524671458
"mp-300773988, Ti3Co3(SbO8)2, Li4Ti3Co3(SbO8)2, mp-762505, mp-773988",0.425631805324906,3100.2232712942046,4.988879429099794,1.3973958333333334,1.0,0.9729744215477736,8.839497652581848,0.0,0.10133201586805553,6.978389260185095,-0.11046913571381428,0.050287320687361935,393.00087807248354,0.4418613343794532
"mp-300774007, ZnCr3(SO4)6, LiZnCr3(SO4)6, mvc-16353, mp-769549",0.5474420117432915,3282.5530571078693,2.9497181817937275,0.6299558823529412,0.0,1.1185332139619844,5.668365708887228,0.0,0.006828294969363213,5.457423081959263,-0.27210152153246153,0.05547809254264347,228.28601752235724,0.4844880388463628
"mp-300774102, NiO2, Li3(NiO2)4, mvc-13696, mp-764850",0.4366820239589445,6199.2226029034155,4.584178085114343,2.9866666666666664,0.0,1.22001186212579,30.0,0.0,0.2667565836111105,33.5,-0.13282833784005274,0.03928371006591929,1484.1903333333332,0.4382110138190319
"mp-300774144, WO3, Li(WO3)2, mp-771798, mp-774144",0.5059329751103068,6974.0562792365245,6.971748343491273,6.62125,0.0,1.0926829735779966,38.75,1.75,0.0053953912499995465,24.125,-0.1440832906043615,0.10825317547305482,2405.714125,0.5105883536481258
"mp-300774149, CrWO6, Li2CrWO6, mvc-5774, mp-774149",0.4996817654512762,4649.213944618095,5.0211939142964335,3.109583333333333,0.0,1.703352911734182,15.822364621706267,0.8249579113843054,0.18000640171875126,9.251313720523996,-0.3892971602144997,0.21650635094610965,992.8055533951988,0.492963584203514
"mp-300774301, Cr3(NiO6)2, Li2Cr3(NiO6)2, mp-776703, mp-780190",0.5746050728668526,4375.775046650547,3.2002947576835843,1.9725490196078432,0.0,0.8036061413925693,11.997692973159495,0.0,0.08635613955882349,13.074976761013307,-0.00010433503761457055,0.02212233884523256,550.3729895486206,0.5263009469144877
"mp-300774307, MgCr3(SO4)6, LiMgCr3(SO4)6, mp-772325, mp-769554",0.5434368605707961,3282.6120027649326,2.8251429672683748,0.6403382352941177,0.0,1.2677872784527795,5.752088532989516,0.0,0.0,5.457423081959263,-1.6058970741648009,0.05547809254264347,252.46195681826728,0.479866241164625
"mp-300774369, V12O29, LiV24O58, mp-774272, mp-765490",0.536153677616973,6577.315324473712,3.389066291104061,3.2241463414634137,0.0,3.1691822927029847,23.414634146341466,0.0,0.042678435487806254,29.268292682926827,-9.786233294241404,0.02219483415369141,893.6409634146341,0.4939392265107753
"mp-300774459, Ti16CuS32, Li8Ti16CuS32, mp-767157, mp-774459",0.3305887796705766,7.913880829267183,3.1965518176214114,2.0072925170068032,0.0,0.9485335474385534,15.099445018071512,0.0,0.018083583571427475,24.617356749260782,-1.430767517726326,0.030809232834497175,568.1749992272316,0.8598839217301146
"mp-300774464, Co(SO4)2, LiCo(SO4)2, mp-772442, mp-774464",0.5761073465642558,4509.178978308717,2.6733235977760668,0.6485454545454544,0.0,1.2491336815914988,7.405996131247398,0.0,0.05127900566287824,3.643427482470094,-0.4002598307543283,0.04739573149885745,330.68360741124195,0.5213561273756834
"mp-300774465, Mn(SO4)2, LiMn(SO4)2, mp-771564, mp-774465",0.5421772564902806,4509.215852362732,2.8344634981734904,0.5488484848484848,0.0,1.2832126240461144,4.846431383332659,0.0,0.03240083706439467,4.546060565661952,-0.39312823937784575,0.0647236370494255,276.9200280728827,0.4778706469613056
"mp-300774552, Y2Ti2S2O5, Li2Y14Ti14(S2O5)7, mp-25305, mp-774554",0.6289695689533433,2116.2867723663408,4.16893949995957,1.2641363636363638,0.0,7.909064851425634,7.89594911310187,0.0,0.07115334542929119,13.341044602068465,-1.5257287945869986,0.170576590417771,342.7944536678377,0.6260989276888768
"mp-300775092, Cr3Sn3(SbO8)2, Li4Cr3Sn3(SbO8)2, mp-771431, mp-775092",0.4940211654371284,3100.549132072144,5.431623976908685,1.3286458333333333,1.0,0.9653267571901968,7.556816045796008,0.0,0.1174744106249994,7.52591010553984,-0.11910851645734392,0.07856742013183861,368.8864193655081,0.4940394634299922
"mp-300775097, CoO2, Li(CoO2)2, mp-32686, mp-764935",0.4378030549989391,6199.231698943652,4.509753254548545,2.773333333333333,0.0,1.113906829905997,30.0,0.0,0.02068371916666667,28.33333333333333,-0.027886905488011017,0.31426968052735443,1482.8570000000002,0.4427402204545713
"mp-300775129, Cr3(FeO6)2, Li2Cr3(FeO6)2, mp-776667, mp-775129",0.5922589492355461,4375.807834122227,3.0674364905127702,1.8286274509803924,0.0,0.8027701771229973,11.855856045357628,0.0,0.0,13.093077609043345,-7.485855601648457e-05,0.026802652914930208,532.5662600734584,0.5331234044581286
"mp-300775171, Mn2CrNi3(PO4)6, Li4Mn2CrNi3(PO4)6, mp-764646, mp-775171",0.5417695620151902,2480.285327368753,3.3516079614481216,1.1987777777777775,0.0,1.1367976950389125,5.2226477368013295,0.0,0.08479476460937363,6.122479325111662,-0.2984950912394903,0.0539185693864008,246.37973912601745,0.5119282107996258
"mp-300775180, Co3WO8, Li2Co3WO8, mp-765823, mp-775180",0.4414329921078313,4132.956212455237,6.0933570976799825,2.8519444444444435,0.0,0.9710555469645141,18.438251972528988,0.5499719409228702,0.1492042812499994,17.089407230977113,-0.10869767646499123,0.05334128991575423,937.023401728455,0.4396207028798255
"mp-300775291, Mn2Cr3O12, Li2Mn2Cr3O12, mp-764449, mp-775291",0.5835363994626438,4375.824906259327,3.0709114395570767,1.7933333333333332,0.0,0.8034768514430647,11.52701055427378,0.0,0.01625944294117776,13.050017639828928,-0.00045194219543513253,0.033098834722679916,527.142553437567,0.5288437406335298
"mp-300775323, Mn3CuNi2(PO4)6, Li4Mn3CuNi2(PO4)6, mp-773677, mp-775323",0.5159890369730654,2480.290929726986,3.535470789943421,1.1322777777777775,0.0,1.1378019532577723,4.151096835569077,0.0,0.04412268850694545,5.973692325521963,-0.2893350049029024,0.057757090775306615,213.7205229934518,0.4896218774375169
"mp-300775390, Mn2Ni(PO4)3, Li2Mn2Ni(PO4)3, mp-763518, mp-775390",0.5179636043652774,3100.366320231884,3.473130429444328,1.4105555555555556,0.0,1.130743883437786,5.540726737331283,0.0,0.035498592256945294,8.612578280029137,-0.2880622730125009,0.060815001528512436,300.90303815978166,0.4926619059614871
"mp-300775451, V2Cr3Sb3O16, Li4V2Cr3Sb3O16, mp-773383, mp-775451",0.4720796439048486,3100.3093494065147,5.003725842821488,1.7592708333333331,1.0,0.9678968387608524,7.634983218711093,0.0,0.11046316083333353,7.359645916811035,-0.11280696564571355,0.07183389189436529,354.4264549834449,0.4665795567524732
"mp-300775511, K(WO3)6, KLi(WO3)6, mp-34278, mp-775511",0.5283089807447036,4464.407323573816,6.278838345771932,4.2687333333333335,0.0,0.9536570231468234,35.043305830865265,1.5839191898578666,0.0,21.713929988732012,-0.11884648820444473,0.07183982182605968,2169.618296267436,0.5323870452280874
"mp-300775553, V3CuO8, Li2V3CuO8, mp-775644, mp-775553",0.4962262859047416,4133.081721347501,4.038498604567268,2.2183333333333333,0.0,0.8175329932660187,16.79579606425664,0.0,0.0839676320833318,21.143359871758005,-5.122503902536362e-10,0.019870699899756244,623.2881602400347,0.4685627433803825
"mp-300775640, Ni5Te(PO4)6, Li4Ni5Te(PO4)6, mp-850365, mp-775640",0.5220495453749834,3100.490832205392,3.688853867304574,1.5368055555555555,1.0,1.1615722268536253,10.326841879027901,0.0,0.08075479232638827,12.028810178299247,-0.29744811317525804,0.04312022224582675,478.9258059890963,0.5004389979081326
"mp-300775647, Mn3SnO8, Li2Mn3SnO8, mp-770865, mp-775647",0.4949087558543268,4133.366173071502,4.5350981404378965,1.3233333333333333,0.0,0.8156485805971783,13.151773104888525,0.0,0.08873284791666691,20.974521581088702,-1.6783019418653563e-11,0.05501034554775993,777.2691508056737,0.4828794266456278
"mp-300775677, Fe5P6WO24, Li4Fe5P6WO24, mp-851003, mp-775677",0.5580894113550029,3100.394182541092,3.755960009624911,1.6519444444444444,0.0,1.1588554755508584,9.287783609813273,0.16839382851364082,0.014930368854164657,11.995892108098333,-0.3023648703813831,0.05237828008789242,399.9972281389569,0.5179135269966411
"mp-300775679, Mn3CrO8, Li2Mn3CrO8, mp-773946, mp-775679",0.4555112058679483,4132.953010632941,4.076822666868115,1.7080555555555554,0.0,0.8177845645425639,12.272623352430287,0.0,0.07419707104166663,19.71631366892295,-4.7185523162814513e-07,0.05501034554775993,778.6132567166536,0.4374727790875692
"mp-300775700, Ti3Nb2V3O16, Li4Ti3Nb2V3O16, mp-770898, mp-775700",0.4541730729596961,3100.058360165941,4.146670021927957,1.7757291666666668,0.0,0.9705462083603053,7.344304057113468,0.0,0.0922208104166664,7.702158281124843,-0.1195017823482054,0.033976364220105776,303.335585292316,0.4846345893303298
"mp-300775867, SbPO5, LiSbPO5, mp-9750, mp-775867",0.5189038345243454,4429.494827509878,4.273777523631761,1.8776190476190475,1.0,0.9688527930481744,2.5403768892093597,0.0,0.0,9.700270001151416,-0.057057063525493376,0.12907255755789304,403.5201268194844,0.5024878986303062
"mp-300776051, Mn2Fe(PO4)3, Li2Mn2Fe(PO4)3, mp-776759, mp-776051",0.5330783004644838,3100.3779324614366,3.3633039180890214,1.3595833333333331,0.0,1.107761005282666,5.452286727195807,0.0,0.08764843041666738,8.621264175725873,-0.2832654012164824,0.06295085819250351,297.73986186939976,0.5015641323859621
"mp-300776365, Mn21O40, Li9Mn21O40, mp-849596, mp-776365",0.4729927619712802,6097.904536502898,4.119366431581865,2.294344262295082,0.0,0.8388284603063231,20.65573770491803,0.0,0.04335267303278734,33.418032786885234,-0.017060657294835597,0.04673381374745317,1285.3511475409834,0.4542457835093179
"mp-300776371, Nb2(PO4)3, LiNb2(PO4)3, mp-17242, mp-26533",0.6020477688036958,4377.000247633007,3.0634465935678055,2.3188235294117647,0.0,1.1990181701635807,9.005487668677986,0.0,0.0,11.125511621617804,-0.3722849523690878,0.04564327321201702,420.1421336566832,0.5796326629217896
"mp-300776566, Mn3NbCr2(PO4)6, Li4Mn3NbCr2(PO4)6, mp-775967, mp-776566",0.5448667320582983,2480.338015822057,3.3668025745207117,1.2624999999999995,0.0,1.1125382990559305,3.8778573694474345,0.0,0.09418702576388682,5.989770085655402,-0.2921805059215039,0.05944864285264885,202.91022977443268,0.5145447396265832
"mp-300776654, V5O12, Li3V5O12, mp-774289, mp-762254",0.4803117463686464,6563.9879555581665,3.607759834335524,3.2394117647058827,0.0,0.9351095637980914,23.52941176470589,0.0,0.09947182705882264,29.44117647058824,-0.06191199927990354,0.053605305829860436,898.0250588235292,0.4630718159079778
"mp-300776741, Mn3SbO8, Li2Mn3SbO8, mp-774390, mp-776741",0.4981679222826924,4133.455746354327,4.468556337304181,1.6744444444444444,1.0,0.8149986074898123,13.393613735242965,0.0,0.09566917774305496,20.56587578766293,-2.3955498325752464e-09,0.05501034554775993,782.3728533022452,0.4942155950656633
"mp-300776756, TiMn2Ni3(PO4)6, Li4TiMn2Ni3(PO4)6, mp-776680, mp-776756",0.5486230611129858,2480.3161239225587,3.324023614687172,1.1607222222222222,0.0,1.1301389841318228,5.312296473951778,0.0,0.08729911085069375,6.221021709583652,-0.29635908768119873,0.05228726650030067,255.87497841372488,0.5157082585243734
"mp-300776761, Cr(SO4)2, LiCr(SO4)2, mp-765763, mp-776761",0.5564980916730776,4509.212223059953,2.6914866890014584,0.794,0.0,1.2641097590843748,6.551787060205584,0.0,0.0567010805871222,5.029390205603498,-0.3963647229825504,0.05398324502001495,264.9770604296658,0.4939250589205655
"mp-300776839, Mn3Sn(PO4)6, Li6Mn3Sn(PO4)6, mp-778517, mp-776839",0.5511734811249598,3282.688394303709,3.156368148387209,1.1941176470588235,0.0,1.162484692232294,4.126985209619152,0.0,0.0637072534558838,7.0320263412239745,-0.3091503994769506,0.06335582499515764,237.72616338584967,0.5184960042945277
"mp-300776857, Ti3Nb2Cr3O16, Li4Ti3Nb2Cr3O16, mp-777531, mp-776857",0.4468445014298084,3100.0036113925953,4.249642606313613,1.7601041666666666,0.0,0.9649235963036356,7.344304057113468,0.0,0.09629794677083048,7.702158281124843,-0.11277582771750615,0.0563902144753879,333.79577481417977,0.4584495039776367
"mp-300776880, Fe2Ni(PO4)3, Li2Fe2Ni(PO4)3, mp-774420, mp-776880",0.5413667643315561,3100.3542274681045,3.40835464911807,1.4355555555555557,0.0,1.1253467147854637,7.486446086094523,0.0,0.033845428645833835,9.115545584126947,-0.2905161219564813,0.04921363802191967,316.86756729104906,0.5062271274089076
"mp-300777013, Ni(SO4)2, LiNi(SO4)2, mp-772423, mp-777013",0.557247250148855,4509.17732448322,2.7757488152990306,0.6873333333333335,0.0,1.2829442052217206,7.405996131247398,0.0,0.052495255871215285,4.8675760499849945,-0.4031944307626721,0.04626131025825528,330.9917340319437,0.5038921012904363
"mp-300777022, Mn3Cr3(WO8)2, Li4Mn3Cr3(WO8)2, mp-778921, mp-777022",0.4638206160756479,3099.789469359342,5.530569401503502,2.186145833333333,0.0,0.9691253076456496,9.58106857297243,0.5051814855409225,0.0843020470052096,8.185193695529346,-0.11291784666911653,0.09616237794532102,569.6979548592199,0.44716677526811466
"mp-300777041, Mn3Co3(SnO8)2, Li4Mn3Co3(SnO8)2, mp-770554, mp-777041",0.43785615525798455,3099.986603435424,5.1750976885551925,1.0953125,0.0,0.9721892838378959,8.754760609710202,0.0,0.05679523760416672,8.080829455414834,-0.11037611252237294,0.08893228107545624,423.24807710228026,0.42878947545591545
"mp-300777058, V6O7F5, LiV6O7F5, mp-779962, mp-777058",0.4737151378425087,4134.00911835916,4.154499275674606,2.441018518518518,0.0,0.956886665919882,25.141574442188357,0.0,0.03794639777777853,33.90245630053781,-0.5458636217094875,0.13123636805845246,959.851847694892,0.6202747503080456
"mp-300777081, V4O5F7, LiV4O5F7, mp-763945, mp-777081",0.5657283682414542,4650.575529096482,3.311424777201398,1.8517708333333327,0.0,0.8569976334422691,18.856180831641268,0.0,0.04648855875000013,24.584057192732764,-0.23924738592671704,0.15857643070456592,719.7902687456088,0.7126799503311558
"mp-300777185, V2(PO4)3, LiV2(PO4)3, mp-32469, mp-32419",0.5470265701214221,4376.837218818916,2.826033735657747,1.985490196078432,0.0,1.1299809049909175,8.453186555218796,0.0,0.011197824852940741,11.125511621617804,-0.3226558074294002,0.04564327321201702,293.5997323417461,0.5310646070502303
"mp-300777213, Fe5Sb(PO4)6, Li4Fe5Sb(PO4)6, mp-772375, mp-777213",0.5510091347696822,3100.4937151037293,3.545856554202225,1.4261111111111109,1.0,1.158532264902302,9.812861222414712,0.0,0.01917159892360853,12.209895535872269,-0.3015412712702385,0.05237828008789242,416.9252454985778,0.5146612944414866
"mp-300777249, V3Cr3(SbO8)2, Li4V3Cr3(SbO8)2, mp-776725, mp-777249",0.458430163222377,3100.13907310211,4.684124629769723,1.7770833333333331,1.0,0.969880052341546,9.208521868356506,0.0,0.09906985333333472,9.09119021819109,-0.11502659317163595,0.06795272844021155,340.754754761112,0.458389572017079
"mp-300777356, Bi2(SO4)3, Li2Bi2(SO4)3, mp-760109, mp-777356",0.6322865652420184,4377.624167714143,3.9385485268879465,0.5885294117647059,0.0,1.1076026592569768,1.5049348530607365,0.7764309754205228,0.0,4.5290297776282715,-0.3900291663580807,0.053605305829860436,481.6663764672314,0.6023054937187976
"mp-300777396, Mn3FeO8, Li2Mn3FeO8, mp-771261, mp-777396",0.4735066509545909,4132.944244730044,4.03843185092786,1.5083333333333335,0.0,0.8171557260924426,12.253747222284876,0.0,0.09436058015625017,19.71631366892295,-9.242862025378904e-07,0.05501034554775993,773.2063672938826,0.4550872450727302
"mp-300777439, Mn5Fe(PO4)6, Li4Mn5Fe(PO4)6, mp-772374, mp-777439",0.5378358655978414,3100.380955652382,3.333250534131028,1.3533333333333333,0.0,1.149088489994346,6.492695325717403,0.0,0.03958383319444359,11.296244117972995,-0.3002417799746044,0.06523599193780323,389.6712059707209,0.5049962947647838
"mp-300777465, P3(WO6)2, LiP3(WO6)2, mp-851036, mp-763532",0.5960504047315964,4376.916192787662,4.355607362028982,3.1937254901960785,0.0,1.2240565706852289,16.75361403510348,0.7764309754205228,0.0,11.125511621617804,-0.4143842844323089,0.053605305829860436,1000.1344679456926,0.5722770385005959
"mp-300777617, V2OF5, LiV2OF5, mp-779256, mp-777617",0.5556056922698389,4651.163741648932,3.2521792535770566,1.8539583333333327,0.0,1.0317997628960556,18.856180831641268,0.0,0.0,24.63532637404172,-0.6341363774366856,0.16535945694153692,719.7785487336273,0.8191638538324703
"mp-300777682, NbV3O8, Li2NbV3O8, mp-771572, mp-777682",0.4572883618404217,4133.253171098846,4.239104389533415,2.6738888888888894,0.0,0.9592351220697666,16.55984284532098,0.0,0.09254654760416693,21.095279151249358,-0.1159694325072671,0.03928371006591929,623.6569642764115,0.4859887150851631
"mp-300777694, Ti3V5O16, Li4Ti3V5O16, mp-776923, mp-777694",0.419482274567341,4133.2956681446085,3.9603449090024574,2.1315277777777784,0.0,0.9720751148929572,13.677558893455755,0.0,0.10742724031250184,16.299651117223643,-0.10898467418714533,0.033976364220105776,520.4336519848107,0.44713879839110826
"mp-300777702, MnF3, LiMn2F6, mp-765931, mp-767304",0.7639296353452265,6977.129800806425,3.3889988867025407,1.709375,0.0,0.8563245444117519,15.0,0.0,0.04177882666666655,21.5,-6.632946687545882e-05,0.2706329386826371,933.114,0.8681087128893062
"mp-300777706, Mn2Fe3Co3O16, Li4Mn2Fe3Co3O16, mp-772328, mp-761441",0.4109450394122079,3099.665622392912,4.630726477288709,1.2434374999999998,0.0,0.9723983482127606,9.158969306095527,0.0,0.10421267544270664,7.743633978146177,-0.10462293947810036,0.08267972847076846,431.2875586945057,0.3983930652969605
"mp-300777855, NbFe3Cu2(PO4)6, Li4NbFe3Cu2(PO4)6, mp-776878, mp-777855",0.5518729046797209,2480.327837991101,3.4567396555343315,1.1952777777777777,0.0,1.1454035135154583,4.987960814443087,0.0,0.053212316666665586,6.271712901277398,-0.3071760766581271,0.049430917833478284,223.9673070982492,0.5216393697759977
"mp-300778223, Ti3Mn2Cr3O16, Li4Ti3Mn2Cr3O16, mp-776879, mp-778223",0.4119434267183381,3099.882998298538,4.118903524893419,1.4040625,0.0,0.968275078105275,7.255116728902438,0.0,0.10196071239583482,7.743633978146177,-0.10610213381713507,0.08185538357032142,324.25064065372976,0.4113318633258279
"mp-300778249, TiNi3Sn2(PO4)6, Li4TiNi3Sn2(PO4)6, mp-777082, mp-778249",0.5424530283276118,2480.4800581536306,3.838668491766268,1.0967222222222222,0.0,1.1167460163193108,5.315177429880503,0.0,0.08710772238425868,6.019423293815067,-0.2878400727884245,0.04536092116265145,255.2211736164827,0.5118524576682071
"mp-300778261, TiMn3Cr2(PO4)6, Li4TiMn3Cr2(PO4)6, mp-777183, mp-778261",0.5320338362487647,2480.3359835119377,3.3127246508675703,1.1744444444444444,0.0,1.1107022232909651,3.9656861533241217,0.0,0.07863476694444492,6.090460056818673,-0.28431414076066136,0.059423600245339984,215.79364006109358,0.4974487120246587
"mp-300778299, VPO5, LiVPO5, mvc-3279, mp-32409",0.5482780969187917,4428.716421546887,2.9939715022166675,1.9590476190476187,0.0,1.4621575625055665,10.42433051407459,0.0,0.010162056785713249,13.756383799461807,-0.3145843773578167,0.10406162272638338,365.5224494752794,0.5037757139607414
"mp-300778320, Mn5V(PO4)6, Li4Mn5V(PO4)6, mp-773464, mp-778320",0.5437083801859214,3100.3953135221836,3.277774612734822,1.4067361111111112,0.0,1.1492917071903448,6.50538416606953,0.0,0.03939846777777767,11.296244117972995,-0.30241483870875524,0.06429835387654216,395.596154151355,0.5119501754050961
"mp-300778341, MnNi(PO4)2, Li4Mn3Ni3(PO4)6, mp-772336, mp-778341",0.5153755730202191,3100.357490926163,3.523778779495498,1.4422916666666667,0.0,1.1599222971574918,6.0900362615231325,0.0,0.034583966232638375,7.626821276113514,-0.29030334337576136,0.05684272758244757,288.95218040183084,0.4900256809781552
"mp-300778395, CrPO5, LiCrPO5, mp-770751, mp-778395",0.5091387272416705,4428.632994844645,3.2593991826153768,1.935238095238095,0.0,0.8658263948960465,10.42433051407459,0.0,0.041790259107141736,13.756383799461807,-2.173076533532973e-13,0.12907255755789304,432.3784320045328,0.44508732599658896
"mp-300778400, Fe2(SO4)3, Li2Fe2(SO4)3, mp-554954, mp-778400",0.5411244689132444,4376.694516964626,3.0594578427590577,0.6945686274509804,0.0,0.8063232521193548,9.12469093291929,0.0,0.006193467499999272,7.951602934937687,-0.00012644952238597776,0.026802652914930208,381.8297890180239,0.4733413882799313
"mp-300778410, Fe3OF7, Li3Fe3OF7, mp-774191, mp-778410",0.6238566832325003,4510.266340384795,3.4382102464124427,1.3162121212121212,0.0,1.121086788102252,21.85602778212965,0.0,0.1112348945454542,27.154592628622627,-0.12295875044150388,0.32050775916802177,1012.0348482472008,0.8270483590297192
"mp-300778500, TiMn9O20, Li5TiMn9O20, mp-771265, mp-778500",0.4507129894940485,4133.016599857079,4.100544948200801,1.4971111111111108,0.0,0.9616140472019236,16.17573247144173,0.0,0.0569552986666686,27.285789726296247,-1.0161782363553786,0.045558942963490896,1022.6002818229108,0.4397261676674498
"mp-300778555, Mn2(SO4)3, Li2Mn2(SO4)3, mp-771368, mp-778555",0.532331777401316,4376.711589101727,3.053508496778557,0.6592745098039215,0.0,0.8067880446856959,6.359087440787772,0.0,0.0,7.300650669100237,-0.0003649644981559656,0.033098834722679916,361.0975544428527,0.4697983890062405
"mp-300778578, Co2(SO4)3, LiCo2(SO4)3, mp-771299, mp-770593",0.5305463512666789,4376.663869737707,3.1594171069778985,0.7882941176470588,0.0,0.8067477331615523,9.67831736355134,0.0,0.00613807544117595,6.061836930686991,-3.079018521627101e-14,0.02282163660600852,435.2275425276165,0.4709225879550208
"mp-300778591, MnF3, LiMnF3, mp-766789, mp-778591",0.6354068823588386,6977.129800806425,3.7286004029959807,1.709375,0.0,0.9683893145855408,15.0,0.0,0.031403696249999946,21.5,-0.5151799648802774,0.18042195912175807,933.114,0.8548922786011659
"mp-300778636, Co3P4O15, LiCo3P4O15, mp-850473, mp-776676",0.5745386209860871,4227.709114646316,3.0084215831506023,1.91,0.0,0.8037334087436919,11.129424760537226,0.0,0.09092359394886353,10.932886505685,-7.105427357601002e-15,0.017803396631832738,511.8605688439006,0.5504110404735991
"mp-300778677, TiFe3Cu2(PO4)6, Li4TiFe3Cu2(PO4)6, mp-775996, mp-778677",0.5425260111636224,2480.325805680982,3.387710191342181,1.1072222222222219,0.0,1.136914937009838,5.096670421237384,0.0,0.04558513123263985,6.372694451164375,-0.2973062949961995,0.049207588776242366,238.22786943441616,0.507426220591939
"mp-300778781, NiO2, Li(NiO2)2, mp-35925, mvc-16803",0.5967453395908113,6199.2226029034155,3.1706796412906177,2.9866666666666664,0.0,6.428502401940371,30.0,0.0,0.08814143527777674,33.5,-0.5693016624294458,0.15713484026367722,1484.1903333333332,0.6114346196607541
"mp-300779026, MnCr2Fe3(PO4)6, Li4MnCr2Fe3(PO4)6, mp-776060, mp-779026",0.531274475663995,2480.2985966720416,3.3933577851261414,1.1825555555555554,0.0,1.1120109894829495,5.193847262166655,0.0,0.05587232611111048,6.327741195875138,-0.28219582832694456,0.05527621817460592,216.0329999756313,0.4918949652834288
"mp-300779753, V4OF11, LiV4OF11, mp-766617, mp-779753",0.5519377039209687,4651.359812499749,3.275366630201268,1.8546875,0.0,0.9629265346103892,18.856180831641268,0.0,0.0010559853125000627,24.691024713220976,-0.17789593651031765,0.08230979494416203,719.7746597297113,0.8509446040090135
"mp-300779755, Mn7Fe3O20, Li5Mn7Fe3O20, mp-777317, mp-779755",0.4760549333617762,4132.941826177287,4.025872161285808,1.5133333333333334,0.0,0.9555814940889921,11.51810169544733,0.0,0.1026237094375002,17.665876991435873,-1.034912253701588,0.043333333333333335,712.304529107295,0.4573911765855212
"mp-300779809, Sb(SO4)2, LiSb(SO4)2, mp-760060, mp-779809",0.5759594332310379,4509.760662028738,3.2942277030285667,0.7573333333333334,1.0,0.7972612438941771,1.5771322674919728,0.0,0.008227507689393398,2.6264180218206614,5.921189464667502e-14,0.0202437168825056,249.30657237180085,0.5251132778656595
"mp-300779996, Fe2O2F3, LiFe2O2F3, mp-777606, mp-779996",0.5175279146476093,4429.179750709699,3.877136912410652,1.3726190476190476,0.0,1.0966564208767142,22.896791009850112,0.0,0.1222301516964288,28.54625875467552,-0.1100349548940341,0.237998036524298,1060.2579370132366,0.6934064062214771
"mp-300780037, Mn2Si2O7, LiMn2Si2O7, mp-767344, mp-780037",0.5528532995769202,3945.75267666031,3.3112630620425607,3.872121212121213,1.0,0.9375595476600476,9.544251968499166,0.0,0.09089351147727244,15.445630227120798,-0.7192167205664479,0.11271224542963515,567.0843400929994,0.5292822983908979
"mp-300780107, Cr3Fe(PO4)6, Li6Cr3Fe(PO4)6, mp-775201, mp-770489",0.5666672587983564,3282.574065470858,2.7780367398819936,1.421544117647059,0.0,1.1922857928236192,5.413123231018009,0.0,0.06375645856617672,7.171798141422753,-0.35068229560504705,0.053605305829860436,225.4914125303616,0.5327476966681743
"mp-300780115, Cr3Co(PO4)6, Li6Cr3Co(PO4)6, mp-761636, mp-770502",0.5522315935437442,3282.568319115811,2.877686098144635,1.4391176470588236,0.0,1.1376094893357371,5.411025365097647,0.0,0.08834264363970501,7.2642109559916275,-0.2906406164756644,0.051816536788484205,223.70542266203097,0.5194272700284355
"mp-300781498, Mn(PO3)3, LiMn(PO3)3, mp-771905, mp-781498",0.54698876332426,4292.990501751799,2.9382055438222765,1.807948717948718,0.0,1.0519232719560534,3.89355407225962,0.0,0.009520656346153622,6.62739914754506,-1.2023132757955466,0.027330190257497087,242.4160331021003,0.5129609521132033
"mp-300781593, Co5Te3O16, Li4Co5Te3O16, mp-771479, mp-781593",0.07486502983059838,4133.7778337974105,5.624428650105084,1.8980555555555558,1.0,0.9702735682832032,16.107818150064748,0.0,0.05248157213541749,13.45987406614725,-0.10918295435848673,0.05882317481283825,759.7624559431978,0.38041509046797795
"mp-300781772, Mn3VO8, Li2Mn3VO8, mp-771584, mp-781772",0.4235692583846444,4133.00167620925,4.388787580877218,1.7219444444444445,0.0,0.9719257492619908,12.272623352430287,0.0,0.06508699885416648,19.71631366892295,-0.10608970216589776,0.10668257983150843,787.9191908518865,0.4041824058617468
"mp-300849468, Fe3Co3(TeO8)2, Li4Fe3Co3(TeO8)2, mp-761932, mp-849468",0.32181057530726354,3100.1186220649315,5.015378217251461,1.3365625,1.0,0.9705535458260788,9.782797401561579,0.0,0.09508774833333344,8.363662257298932,-0.1117550533359406,0.06795272844021155,436.95348931703626,0.41510108880912616
"mp-300849694, FeO2, Li(FeO2)3, mp-25519, mp-763682",0.4943683643176257,6199.361949658057,3.9813053739343207,2.375,0.0,3.02510644924686,28.33333333333333,0.0,0.24737461229166424,34.166666666666664,-0.2393246305324297,0.6285393610547089,1311.8570000000002,0.4717673989207071
"mp-300849772, Ti3Nb(CuO4)3, LiTi3Nb(CuO4)3, mp-757045, mp-849772",0.3966266216170403,2937.010090896385,4.9527269629867945,1.5248684210526315,0.0,1.1031647542193042,8.429272304235244,0.0,0.07082935944078628,11.86550320066478,-0.6960245775217272,0.03777889666755085,509.8315014249039,0.4337166186795032
"mp-300850073, MnBO3, Li5Mn6(BO3)6, mp-761288, mp-850073",0.4469703309625074,3719.7401314132726,3.979187188331328,4.251333333333334,1.0,1.6466037831884732,26.398653164297773,0.0,0.03836584999999992,15.240589081644961,-0.717290182882433,0.2712931993250108,621.3515624533989,0.4047190918179878
"mp-300850464, CrO2, LiCr2O4, mvc-11581, mp-774032",0.4903405013648063,6199.41454507545,4.016022753886537,3.5733333333333333,0.0,1.2567861931576856,26.666666666666664,0.0,0.16588082833333395,34.166666666666664,-0.13469286928726495,0.15713484026367722,1189.5236666666667,0.417293262965723
"mp-300850496, Mn3Nb(PO4)6, Li6Mn3Nb(PO4)6, mp-775181, mp-850496",0.5580256808488321,3282.6224777428133,3.0101734067292787,1.3621323529411766,0.0,1.1952089433195154,4.001837813099495,0.0,0.031153714264707588,6.758788972419722,-0.3461105556432595,0.06199471580335265,234.970013592304,0.5266670919382395
"mp-300850895, VOF3, LiVOF3, mp-779943, mp-850913",0.8178925220105612,4960.724517779746,2.9057589253194425,1.499,0.0,0.9973378934631376,15.084944665313015,0.0,0.021063083499999642,19.09438544587271,-0.3744676957550617,0.25298221281347033,575.7491875926762,0.791723748504153
"mp-300850903, MnH8(SO6)2, LiMnH8(SO6)2, mp-779401, mp-850903",0.6123438417119049,4044.7535578302836,2.1414335124251767,0.21165217391304345,0.0,0.9531835579703428,2.179760613623252,0.0,0.028281699739129525,26.10892869968032,-0.28566077127066336,0.02264489329056889,135.12008252051749,0.5591635787159381
"mp-300851027, FeO2, Li(FeO2)2, mp-714904, mp-25516",0.5022535993616951,6199.361949658057,3.9627886829886014,2.375,0.0,1.2102259770387127,28.33333333333333,0.0,0.21041588145833234,34.166666666666664,-0.3976644694624293,0.15713484026367722,1311.8570000000002,0.4742241609379274
"mp-300851075, V5O12, Li2V5O12, mp-778252, mp-776871",0.6166977524000146,6563.9879555581665,2.846577350700328,3.2394117647058827,0.0,0.8016778539866513,23.52941176470589,0.0,0.012006279705882859,29.44117647058824,-7.699885666786106e-05,0.013401326457465113,898.0250588235292,0.5763555009280406
"mp-300853140, Mn5Sn(PO4)6, Li4Mn5Sn(PO4)6, mp-774344, mp-853140",0.5512977282100028,3100.486437737747,3.4575224719123883,1.3070833333333334,0.0,1.1480293872330718,6.756855229512662,0.0,0.03768590562499874,11.60387367473721,-0.3064549141137978,0.06523599193780323,391.4502777583896,0.5204847111901091
"mp-300853225, Cr(SO4)2, LiCr(SO4)2, mp-851282, mp-780338",0.5148846227080668,4509.212223059953,2.9440269728190005,0.794,0.0,0.8005694198866566,6.551787060205584,0.0,0.05963471047348445,5.029390205603498,0.0,0.0202437168825056,264.9770604296658,0.4464404067484372
"mp-300853239, Na2V3P2O13, Na2Li2V3P2O13, mp-565935, mp-853239",0.560447514667267,3023.442534505287,2.880037860681352,1.3704999999999998,0.0,0.8006989134385576,10.150106834413123,0.0,0.0,13.236520265915814,1.894780628693601e-14,0.01916213714594487,362.16581856303816,0.5215561153972603
"mp-300853273, V2OF5, LiV2OF5, mp-764159, mp-853273",0.5500615939904318,4651.163741648932,3.292752233677038,1.8539583333333327,0.0,0.9661035460981028,18.856180831641268,0.0,0.0016818575000003833,24.63532637404172,-0.17931416728464336,0.08267972847076846,719.7785487336273,0.8169078092581306
"mp-300865132, Ti3Fe3(SbO8)2, Li4Ti3Fe3(SbO8)2, mp-764329, mp-865132",0.459712518455108,3100.247693303156,4.589510938313113,1.3227083333333334,1.0,0.9650782449772898,8.401078799773277,0.0,0.12203450958333305,8.177415067580952,-0.11537023417715513,0.0664048315934211,349.3179874458844,0.4735616265834493
